player_name,birth_year,nationality,position,number,team_name,Assists
A. Remiro,1995,Spanish,Goalkeeper,1,Athletic Club,0
Iago Herrerín,1988,Spanish,Goalkeeper,13,Athletic Club,0
Unai Simón,1997,Spanish,Goalkeeper,25,Athletic Club,1
Unai Nuñez,1997,Spanish,Defender,3,Athletic Club,0
Iñigo Martínez,1991,Spanish,Defender,4,Athletic Club,0
Yeray Álvarez,1995,Spanish,Defender,5,Athletic Club,0
Mikel San José,1989,Spanish,Defender,6,Athletic Club,0
Yuri Berchiche,1990,Spanish,Defender,12,Athletic Club,0
Iñigo Lekue,1993,Spanish,Defender,15,Athletic Club,2
Mikel Balenziaga,1988,Spanish,Defender,24,Athletic Club,0
Beñat Etxebarria,1987,Spanish,Midfielder,7,Athletic Club,0
Ander Iturraspe,1989,Spanish,Midfielder,8,Athletic Club,0
Iñigo Córdoba,1997,Spanish,Midfielder,11,Athletic Club,2
Markel Susaeta,1987,Spanish,Midfielder,14,Athletic Club,0
Dani García,1990,Spanish,Midfielder,16,Athletic Club,5
Mikel Rico,1984,Spanish,Midfielder,17,Athletic Club,2
Óscar De Marcos,1989,Spanish,Midfielder,18,Athletic Club,0
Ibai Gómez,1989,Spanish,Midfielder,19,Athletic Club,0
Ander Capa,1992,Spanish,Midfielder,21,Athletic Club,2
Raúl García Escudero,1986,Spanish,Midfielder,22,Athletic Club,4
Unai López,1995,Spanish,Midfielder,23,Athletic Club,0
Iñigo Vicente,1998,Spanish,Midfielder,32,Athletic Club,3
Peru Nolaskoain,1998,Spanish,Midfielder,99,Athletic Club,0
Kenan Kodro,1993,Bosnian,Forward,2,Athletic Club,0
Iñaki Williams,1994,Spanish,Forward,9,Athletic Club,0
Iker Muniain,1992,Spanish,Forward,10,Athletic Club,0
Aritz Aduriz,1981,Spanish,Forward,20,Athletic Club,4
Jaume Costa,1988,Spanish,Defender,99,Athletic Club,4
Antonio Adán,1987,Spanish,Goalkeeper,1,Atlético de Madrid,0
Jan Oblak,1993,Slovenian,Goalkeeper,13,Atlético de Madrid,0
Diego Godín,1986,Uruguayan,Defender,2,Atlético de Madrid,0
Filipe Luís,1985,Brazilian,Defender,3,Atlético de Madrid,0
Santiago Arias,1992,Colombian,Defender,4,Atlético de Madrid,1
Stefan Savic,1991,Montenegrin,Defender,15,Atlético de Madrid,2
Nehuén Pérez,2000,Argentinian,Defender,18,Atlético de Madrid,1
Juanfran Torres,1985,Spanish,Defender,20,Atlético de Madrid,2
Lucas Hernández,1996,French,Defender,21,Atlético de Madrid,0
José María Giménez,1995,Uruguayan,Defender,24,Atlético de Madrid,2
Andrés Solano,1998,Spanish,Defender,33,Atlético de Madrid,0
Francisco Javier Montero Rubio,1999,Spanish,Defender,35,Atlético de Madrid,0
Manuel Sánchez,1996,Spanish,Defender,54,Atlético de Madrid,0
Yakubu Partey,1993,Ghanaian,Midfielder,5,Atlético de Madrid,0
Koke Resurrección,1992,Spanish,Midfielder,6,Atlético de Madrid,0
Saúl Ñíguez,1994,Spanish,Midfielder,8,Atlético de Madrid,4
Rodrigo Moreno Machado,1991,Spanish,Midfielder,14,Atlético de Madrid,4
Rodri Hernández,1996,Spanish,Midfielder,16,Atlético de Madrid,1
Cristian Rodríguez,1985,Uruguayan,Midfielder,28,Atlético de Madrid,1
Mikel Carro,1997,Spanish,Midfielder,30,Atlético de Madrid,0
Borja Garcés Moreno,1999,Spanish,Midfielder,32,Atlético de Madrid,0
Víctor Mollejo,2001,Spanish,Midfielder,40,Atlético de Madrid,0
Joaquín Muñoz,1999,Spanish,Midfielder,47,Atlético de Madrid,0
Sergio Camello,2001,Spanish,Midfielder,55,Atlético de Madrid,0
Gustavo Assunção,2000,Brazilian,Midfielder,57,Atlético de Madrid,0
Antoine Griezmann,1991,French,Forward,7,Atlético de Madrid,0
Nikola Kalinic,1988,Croatian,Forward,9,Atlético de Madrid,9
Ángel Correa,1995,Argentinian,Forward,10,Atlético de Madrid,0
Thomas Lemar,1995,French,Forward,11,Atlético de Madrid,2
Diego Costa,1988,Spanish,Forward,19,Atlético de Madrid,3
Álvaro Morata,1992,Spanish,Forward,22,Atlético de Madrid,2
Vitolo Machín,1989,Spanish,Forward,23,Atlético de Madrid,1
Iván Cuéllar,1984,Spanish,Goalkeeper,1,CD Leganés,1
Andrés Iniesta,1984,Spanish,Goalkeeper,13,CD Leganés,0
Andriy Lunin,1999,Ukrainian,Goalkeeper,29,CD Leganés,0
David Tejero,1996,Spanish,Goalkeeper,31,CD Leganés,0
Juan Francisco,1985,Spanish,Defender,2,CD Leganés,0
Unai Bustinza,1992,Spanish,Defender,3,CD Leganés,1
Diego Reyes,1992,Mexican,Defender,4,CD Leganés,1
Jonathan Silva,1994,Argentinian,Defender,5,CD Leganés,0
Allan Romeo Nyom,1988,Cameroonian,Defender,12,CD Leganés,6
Vasyl Kravets,1997,Ukrainian,Defender,14,CD Leganés,1
Rodrigo Tarín,1996,Spanish,Defender,15,CD Leganés,0
Nereo Champagne,1983,Argentinian,Defender,19,CD Leganés,0
Dimitrios Siovas,1988,Greek,Defender,22,CD Leganés,0
Kenneth Omeruo,1993,Nigerian,Defender,24,CD Leganés,0
Óscar Rodríguez Arnaiz,1998,Spanish,Midfielder,99,CD Leganés,0
Gerard Gumbau,1994,Spanish,Midfielder,6,CD Leganés,3
José Luis García del Pozo,1991,Spanish,Midfielder,8,CD Leganés,1
Nabil El Zhar,1986,Moroccan,Midfielder,10,CD Leganés,0
Alexander Szymanowski,1988,Polish,Midfielder,11,CD Leganés,0
Javier Eraso,1989,Spanish,Midfielder,17,CD Leganés,0
Rubén Pérez del Mármol,1989,Spanish,Midfielder,21,CD Leganés,0
Mikel Vesga,1993,Spanish,Midfielder,23,CD Leganés,0
Javier Avilés,1993,Spanish,Midfielder,33,CD Leganés,1
Guido Carrillo,1991,Argentinian,Forward,9,CD Leganés,0
José Arnáiz,1995,Spanish,Forward,16,CD Leganés,2
Sabin Merino,1992,Spanish,Forward,18,CD Leganés,1
Michael Santos,1993,Brazilian,Forward,20,CD Leganés,0
Martin Braithwaite,1991,Danish,Forward,25,CD Leganés,0
Youssef En-Nesyri,1997,Moroccan,Forward,99,CD Leganés,3
Daniel Ojeda,1994,Spanish,Forward,98,CD Leganés,5
Fernando Pacheco Flores,1992,Spanish,Goalkeeper,1,D. Alavés,0
Álvaro Fernández,1997,Spanish,Goalkeeper,13,D. Alavés,0
Álex Domínguez,1999,Spanish,Goalkeeper,31,D. Alavés,0
Carlos Vigaray,1994,Spanish,Defender,2,D. Alavés,0
Rubén Duarte,1999,Spanish,Defender,3,D. Alavés,0
Rodrigo Ely,1993,Brazilian,Defender,4,D. Alavés,0
Víctor Laguardia Cisneros,1989,Spanish,Defender,5,D. Alavés,2
Guillermo Maripán,1994,Chilean,Defender,6,D. Alavés,2
Ximo Navarro,1990,Spanish,Defender,15,D. Alavés,2
Adrián Marín Gómez,1997,Spanish,Defender,17,D. Alavés,0
Martín Aguirregabiria,1996,Spanish,Defender,21,D. Alavés,0
Tomás Pina,1987,Spanish,Midfielder,8,D. Alavés,0
Takashi Inui,1988,Japanese,Midfielder,11,D. Alavés,0
Manu García,1995,Spanish,Midfielder,19,D. Alavés,0
Darko Brasanac,1992,Serbian,Midfielder,20,D. Alavés,1
Wakaso Mubarak,1990,Ghanaian,Midfielder,22,D. Alavés,1
Jony Rodríguez,1991,Spanish,Midfielder,23,D. Alavés,1
Paulino De la Fuente,1993,Spanish,Midfielder,32,D. Alavés,10
Andrei Lupu,2001,Romanian,Midfielder,34,D. Alavés,0
Diego Rolán,1993,Uruguayan,Forward,9,D. Alavés,0
Rubén Sobrino,1996,Spanish,Forward,99,D. Alavés,0
John Guidetti,1992,Swedish,Forward,10,D. Alavés,1
Jonathan Calleri,1993,Argentinian,Forward,12,D. Alavés,2
Burgui,1993,Spanish,Forward,14,D. Alavés,0
Borja Bastón,1992,Spanish,Forward,18,D. Alavés,1
Patrick Twumasi,1994,Ghanaian,Forward,24,D. Alavés,0
Daniel Alejandro Torres,1989,Colombian,Midfielder,99,D. Alavés,0
Marc-André ter Stegen,1992,German,Goalkeeper,1,FC Barcelona,0
Jasper Cillessen,1989,Dutch,Goalkeeper,13,FC Barcelona,0
Iñaki Peña,1999,Spanish,Goalkeeper,30,FC Barcelona,0
Nélson Semedo,1993,Portuguese,Defender,2,FC Barcelona,0
Gerard Piqué,1987,Spanish,Defender,3,FC Barcelona,2
Jean-Clair Todibo,1999,French,Defender,6,FC Barcelona,0
Clément Lenglet,1995,French,Defender,15,FC Barcelona,0
Jordi Alba,1989,Spanish,Defender,18,FC Barcelona,8
Sergi Roberto,1992,Spanish,Defender,20,FC Barcelona,7
Samuel Umtiti,1993,French,Defender,23,FC Barcelona,1
Thomas Vermaelen,1985,Belgian,Defender,24,FC Barcelona,0
Juan Miranda,2000,Spanish,Defender,33,FC Barcelona,0
Guillem Jaime,1999,Spanish,Defender,38,FC Barcelona,0
Moussa Wagué,1998,Senegalese,Defender,99,FC Barcelona,5
Ivan Rakitic,1988,Croatian,Midfielder,4,FC Barcelona,1
Sergio Busquets,1988,Spanish,Midfielder,5,FC Barcelona,2
Philippe Coutinho,1992,Brazilian,Midfielder,7,FC Barcelona,1
Arthur Melo,1996,Brazilian,Midfielder,8,FC Barcelona,0
Rafinha Alcántara,1993,Brazilian,Midfielder,12,FC Barcelona,0
Carles Aleñá,1998,Spanish,Midfielder,21,FC Barcelona,7
Arturo Vidal,1987,Chilean,Midfielder,22,FC Barcelona,6
Luis Suárez,1987,Uruguayan,Forward,9,FC Barcelona,13
Lionel Messi,1987,Argentinian,Forward,10,FC Barcelona,5
Ousmane Dembélé,1997,French,Forward,11,FC Barcelona,2
Malcom,1997,Brazilian,Forward,14,FC Barcelona,0
Kevin-Prince Boateng,1987,Ghanaian,Forward,19,FC Barcelona,0
Mauro Chichizola,1984,Argentinian,Goalkeeper,1,Getafe CF,0
David Soria,1992,Spanish,Goalkeeper,13,Getafe CF,0
Roberto Yáñez,1993,Spanish,Goalkeeper,25,Getafe CF,0
Djené Dakonam Ortega,1991,Togolese,Defender,2,Getafe CF,3
Vitorino Antunes,1987,Portuguese,Defender,3,Getafe CF,1
Bruno González,1989,Spanish,Defender,4,Getafe CF,0
Leandro Cabrera,1991,Uruguayan,Defender,6,Getafe CF,1
Mathías Olivera,1997,Uruguayan,Defender,17,Getafe CF,0
Ignasi Miquel,1992,Spanish,Defender,21,Getafe CF,3
Damián Suárez,1988,Uruguayan,Defender,22,Getafe CF,2
Dimitri Foulquier,1993,French,Defender,24,Getafe CF,0
Miguel Ángel Rubio,1992,Spanish,Defender,29,Getafe CF,0
Markel Bergara,1986,Spanish,Midfielder,5,Getafe CF,4
Francisco Portillo Soler,1989,Spanish,Midfielder,8,Getafe CF,0
Gaku Shibasaki,1992,Japanese,Midfielder,10,Getafe CF,0
Samuel Sáiz,1991,Spanish,Midfielder,11,Getafe CF,2
Sebastián Cristóforo,1993,Uruguayan,Midfielder,15,Getafe CF,0
Mathieu Flamini,1984,French,Midfielder,16,Getafe CF,2
Mauro Arambarri,1995,Uruguayan,Midfielder,18,Getafe CF,0
Nemanja Maksimovic,1991,Serbian,Midfielder,20,Getafe CF,0
Hugo Duro,2000,Spanish,Midfielder,27,Getafe CF,6
Iván Alejo,1995,Spanish,Midfielder,23,Getafe CF,3
Robert Ibáñez,1993,Spanish,Midfielder,26,Getafe CF,5
Jaime Mata,1988,Spanish,Forward,7,Getafe CF,0
Ángel Rodríguez,1987,Spanish,Forward,9,Getafe CF,0
Jorge Molina Vidal,1982,Spanish,Forward,19,Getafe CF,0
Amath Ndiaye,1996,Senegalese,Forward,99,Getafe CF,1
Sergio Akieme,1997,Spanish,Defender,98,Getafe CF,0
Gorka Iraizoz,1981,Spanish,Goalkeeper,1,Girona FC,0
Yassine Bounou,1991,Moroccan,Goalkeeper,13,Girona FC,1
Bernardo Espinosa,1989,Colombian,Defender,2,Girona FC,2
Johan Mojica,1992,Colombian,Defender,3,Girona FC,1
Jonás Ramalho,1993,Spanish,Defender,4,Girona FC,0
Pedro Alcalá Guirado,1989,Spanish,Defender,5,Girona FC,0
Aday Benítez,1988,Spanish,Defender,11,Girona FC,1
Raúl García Carnero,1989,Spanish,Defender,14,Girona FC,0
Juan Pedro López,1990,Spanish,Defender,15,Girona FC,0
Marc Muniesa,1992,Spanish,Defender,20,Girona FC,0
Carles Planas,1991,Spanish,Defender,21,Girona FC,0
Èric Montes,1998,Spanish,Defender,28,Girona FC,4
Àlex Granell,1988,Spanish,Midfielder,6,Girona FC,2
Pere Pons,1993,Spanish,Midfielder,8,Girona FC,3
Borja García Freire,1990,Spanish,Midfielder,10,Girona FC,0
Douglas Luiz,1998,Brazilian,Midfielder,12,Girona FC,0
Patrick Roberts,1996,English,Midfielder,17,Girona FC,1
Aleix García,1997,Spanish,Midfielder,23,Girona FC,4
Pedro Porro,1999,Spanish,Midfielder,24,Girona FC,1
Valery Fernández Estrada,1999,Spanish,Midfielder,34,Girona FC,0
Álex Pachón,2000,Spanish,Midfielder,37,Girona FC,0
Cristhian Stuani,1986,Uruguayan,Forward,7,Girona FC,2
Portu,1992,Spanish,Forward,9,Girona FC,0
Anthony Lozano,1998,Spanish,Forward,19,Girona FC,0
Seydou Doumbia,1996,Ivorian,Forward,22,Girona FC,0
Kévin Soni,1998,Cameroonian,Midfielder,99,Girona FC,0
Koke Andújar,1992,Spanish,Goalkeeper,1,Levante UD,0
Oier Olazábal,1986,Spanish,Goalkeeper,13,Levante UD,0
Aitor Fernández,1991,Spanish,Goalkeeper,25,Levante UD,2
Antonio García Aranda,1989,Spanish,Defender,3,Levante UD,0
Róber Pier,1996,Spanish,Defender,4,Levante UD,0
José Manuel Rodríguez Benito,1992,Spanish,Defender,6,Levante UD,0
Jorge Resurrección,1987,Spanish,Defender,12,Levante UD,1
Rúben Vezo,1994,Portuguese,Defender,14,Levante UD,1
Sergio Postigo Redondo,1988,Spanish,Defender,15,Levante UD,0
Erick Cabaco,1995,Uruguayan,Defender,18,Levante UD,1
Pedro López Muñoz,1984,Spanish,Defender,19,Levante UD,2
Antonio Luna Rodríguez,1991,Spanish,Defender,22,Levante UD,0
Cheick Doukouré,1992,Ivorian,Midfielder,5,Levante UD,4
Sanjin Prcic,1993,Bosnian,Midfielder,8,Levante UD,5
Enis Bardhi,1995,Macedonian,Midfielder,10,Levante UD,5
José Luis Morales Nogales,1987,Spanish,Midfielder,11,Levante UD,1
Rubén Rochina,1991,Spanish,Midfielder,16,Levante UD,5
Nikola Vukcevic,1991,Montenegrin,Midfielder,17,Levante UD,9
Jason Remeseiro,1994,Spanish,Midfielder,23,Levante UD,0
José Campaña,1993,Spanish,Midfielder,24,Levante UD,0
Francisco Manzanara,1990,Spanish,Midfielder,27,Levante UD,2
Arturo Molina,1993,Spanish,Midfielder,31,Levante UD,1
Borja Mayoral,1997,Spanish,Forward,2,Levante UD,0
Moses Simon,1995,Nigerian,Forward,7,Levante UD,1
Roger Martí,1991,Spanish,Forward,9,Levante UD,0
Emmanuel Boateng,1996,Ghanaian,Forward,22,Levante UD,0
Jordi Masip,1989,Spanish,Goalkeeper,1,R. Valladolid CF,0
Yoel Rodríguez,1989,Spanish,Goalkeeper,13,R. Valladolid CF,0
Joaquín Fernández Moreno,1996,Spanish,Defender,2,R. Valladolid CF,0
Moisés Delgado López,1998,Spanish,Defender,3,R. Valladolid CF,0
Kiko Olivas,1989,Spanish,Defender,4,R. Valladolid CF,0
Fernando Calero,1995,Spanish,Defender,5,R. Valladolid CF,1
Javi Moyano,1986,Spanish,Defender,99,R. Valladolid CF,3
Antonio Jesús Regal Angulo,1986,Spanish,Defender,18,R. Valladolid CF,0
Nacho Martínez García,1989,Spanish,Defender,22,R. Valladolid CF,0
Mohammed Salisu,1999,Ghanaian,Defender,28,R. Valladolid CF,0
Roberto Corral,1996,Spanish,Defender,34,R. Valladolid CF,1
Javier Aparicio,1999,Spanish,Defender,38,R. Valladolid CF,0
Pablo Hervías,1993,Spanish,Midfielder,7,R. Valladolid CF,0
Luismi Sánchez,1993,Spanish,Midfielder,6,R. Valladolid CF,0
Waldo Rubio Martín,1994,Spanish,Midfielder,17,R. Valladolid CF,4
Borja Fernández Fernández,1981,Spanish,Midfielder,8,R. Valladolid CF,0
Óscar Plano,1991,Spanish,Midfielder,10,R. Valladolid CF,2
Daniele Verde,1996,Italian,Midfielder,11,R. Valladolid CF,2
Rubén Alcaraz,1991,Spanish,Midfielder,14,R. Valladolid CF,2
Toni Villa,1995,Spanish,Midfielder,19,R. Valladolid CF,0
Míchel Herrero,1988,Spanish,Midfielder,21,R. Valladolid CF,1
Anuar Mohamed Tuhami,1995,Spanish,Midfielder,23,R. Valladolid CF,0
Keko Gontán,1991,Spanish,Midfielder,24,R. Valladolid CF,0
Miguel De la Fuente,1998,Spanish,Midfielder,27,R. Valladolid CF,0
Pablo Muñoz,1997,Spanish,Midfielder,31,R. Valladolid CF,3
Omar Hacen,1999,Spanish,Midfielder,37,R. Valladolid CF,1
Leonardo Suárez,1996,Argentinian,Midfielder,99,R. Valladolid CF,0
Enes Ünal,1997,Turkish,Forward,9,R. Valladolid CF,0
Sergi Guardiola,1990,Spanish,Forward,12,R. Valladolid CF,0
Duje Cop,1990,Croatian,Forward,20,R. Valladolid CF,0
Stiven Plaza,1999,Ecuadorian,Forward,42,R. Valladolid CF,0
Alberto García Cabrera,1985,Spanish,Goalkeeper,1,Rayo Vallecano,0
Stole Dimitrievski,1993,Macedonian,Goalkeeper,13,Rayo Vallecano,1
Miguel Ángel Morro,1998,Spanish,Goalkeeper,30,Rayo Vallecano,0
Roberto Román Triguero,1986,Spanish,Defender,2,Rayo Vallecano,1
Álex Moreno,1993,Spanish,Defender,7,Rayo Vallecano,0
Jordi Amat Maas,1992,Spanish,Defender,16,Rayo Vallecano,3
Luis Advíncula,1990,Peruvian,Defender,17,Rayo Vallecano,2
Emiliano Velázquez,1994,Uruguayan,Defender,20,Rayo Vallecano,0
Abdoulaye Ba,1988,Cameroonian,Defender,21,Rayo Vallecano,0
Alejandro Gálvez,1991,Spanish,Defender,23,Rayo Vallecano,0
Martín Pascual,1995,Spanish,Defender,31,Rayo Vallecano,0
Luis Meseguer,1995,Spanish,Defender,33,Rayo Vallecano,1
Uche Agbo,1995,Nigerian,Midfielder,3,Rayo Vallecano,0
Álvaro Medrán,1994,Spanish,Midfielder,4,Rayo Vallecano,0
Gorka Elustondo,1988,Spanish,Midfielder,6,Rayo Vallecano,0
Gaël Kakuta,1991,French,Midfielder,10,Rayo Vallecano,0
Giannelli Imbula,1992,Congolese,Midfielder,12,Rayo Vallecano,1
Tiago Manuel Dias Correia,1990,Portuguese,Midfielder,14,Rayo Vallecano,1
Mario Suárez,1987,Spanish,Midfielder,15,Rayo Vallecano,0
Álvaro García Rivera,1991,Spanish,Midfielder,18,Rayo Vallecano,2
José Ángel Pozo,1996,Spanish,Midfielder,22,Rayo Vallecano,0
Franco Di Santo,1989,Argentinian,Midfielder,25,Rayo Vallecano,0
Manuel Navarro,1997,Spanish,Midfielder,34,Rayo Vallecano,0
Ángel Algobia,1996,Spanish,Midfielder,35,Rayo Vallecano,0
Óscar Trejo,1988,Argentinian,Midfielder,36,Rayo Vallecano,4
Michel Langue,1986,Argentinian,Forward,8,Rayo Vallecano,1
Raúl de Tomás,1994,Spanish,Forward,9,Rayo Vallecano,6
Adrián Embarba,1992,Spanish,Forward,11,Rayo Vallecano,0
Lass Bangoura,1992,Guinean,Forward,19,Rayo Vallecano,1
Javi Guerra,1982,Spanish,Forward,24,Rayo Vallecano,0
Sergio Moreno,1997,Spanish,Forward,29,Rayo Vallecano,0
Santiago Comesaña Veiga,1996,Spanish,Forward,99,Rayo Vallecano,0
Alejandro Catena Marugán,1994,Spanish,Defender,98,Rayo Vallecano,0
Sergio Álvarez Conde,1986,Spanish,Goalkeeper,1,RC Celta,2
Rubén Blanco,1995,Spanish,Goalkeeper,13,RC Celta,4
Iván Villar,1997,Spanish,Goalkeeper,26,RC Celta,0
Hugo Mallo,1991,Spanish,Defender,2,RC Celta,0
David Costas,1995,Spanish,Defender,3,RC Celta,0
Néstor Araujo,1991,Mexican,Defender,4,RC Celta,3
Wesley Hoedt,1994,Dutch,Defender,12,RC Celta,0
David Juncà Reñé,1994,Spanish,Defender,17,RC Celta,0
Nemanja Radoja,1993,Serbian,Defender,20,RC Celta,0
Gustavo Cabral,1985,Argentinian,Defender,22,RC Celta,0
Okay Yokuslu,1994,Turkish,Midfielder,5,RC Celta,0
Emre Mor,1997,Turkish,Midfielder,7,RC Celta,0
Fran Beltrán,1999,Spanish,Midfielder,8,RC Celta,1
Stanislav Lobotka,1994,Slovak,Midfielder,14,RC Celta,3
Andrew Hjulsager,1995,Danish,Midfielder,16,RC Celta,0
Mathias Jensen,1996,Danish,Midfielder,18,RC Celta,3
Sofiane Boufal,1993,Moroccan,Midfielder,19,RC Celta,0
Jozabed Sánchez,1991,Spanish,Midfielder,21,RC Celta,7
Brais Méndez,1997,Spanish,Midfielder,23,RC Celta,2
Ryad Boudebouz,1990,Algerian,Midfielder,24,RC Celta,5
Maxi Gómez,1996,Uruguayan,Forward,9,RC Celta,6
Iago Aspas,1987,Spanish,Forward,10,RC Celta,1
Pione Sisto,1995,Danish,Forward,11,RC Celta,0
Junior Alonso,1993,Paraguayan,Defender,99,RC Celta,0
Lucas Olaza,1994,Uruguayan,Defender,98,RC Celta,0
Roberto Jiménez,1986,Spanish,Goalkeeper,1,RCD Espanyol,1
Diego López Rodríguez,1981,Spanish,Goalkeeper,13,RCD Espanyol,0
Edinaldo Gomes Pereira,1988,Brazilian,Defender,5,RCD Espanyol,1
Óscar Duarte,1989,Costa Rican,Defender,6,RCD Espanyol,2
Roberto Rosales,1989,Venezuelan,Defender,8,RCD Espanyol,0
Dídac Vilà,1989,Spanish,Defender,12,RCD Espanyol,0
Javier López Rodríguez,1986,Spanish,Defender,16,RCD Espanyol,0
Mario Hermoso,1995,Spanish,Defender,22,RCD Espanyol,0
Adrià Pedrosa,1998,Spanish,Defender,28,RCD Espanyol,0
Iago Indias,2000,Spanish,Defender,32,RCD Espanyol,0
Víctor Sánchez Mata,1987,Spanish,Midfielder,4,RCD Espanyol,2
Sergi Darder,1993,Spanish,Midfielder,10,RCD Espanyol,2
Óscar Melendo,1997,Spanish,Midfielder,14,RCD Espanyol,5
David López Silva,1989,Spanish,Midfielder,15,RCD Espanyol,0
Alejandro López Moreno,1992,Spanish,Midfielder,18,RCD Espanyol,0
Marc Roca,1996,Spanish,Midfielder,21,RCD Espanyol,2
Esteban Granero,1987,Spanish,Midfielder,23,RCD Espanyol,1
Carlos Doncel,2000,Spanish,Midfielder,29,RCD Espanyol,0
Víctor Campuzano,1995,Spanish,Midfielder,31,RCD Espanyol,0
Borja Iglesias,1993,Spanish,Forward,7,RCD Espanyol,3
Sergio García de la Fuente,1997,Spanish,Forward,9,RCD Espanyol,1
Hernán Arsenio Pérez,1989,Paraguayan,Forward,17,RCD Espanyol,2
Pablo Piatti,1989,Argentinian,Forward,19,RCD Espanyol,0
Javier Puado,1998,Spanish,Forward,20,RCD Espanyol,0
Wu Lei,1991,Chinese,Forward,24,RCD Espanyol,1
Léo Baptistão,1992,Portuguese,Forward,99,RCD Espanyol,0
Facundo Ferreyra,1991,Argentinian,Midfielder,98,RCD Espanyol,0
Alfa Semedo,1997,Guinean,Midfielder,97,RCD Espanyol,0
Joel Robles,1990,Spanish,Goalkeeper,1,Real Betis,1
Pau López,1994,Spanish,Goalkeeper,13,Real Betis,1
Francis Guerrero,1995,Spanish,Defender,2,Real Betis,0
Zouhair Feddal,1989,Moroccan,Defender,4,Real Betis,0
Marc Bartra,1991,Spanish,Defender,5,Real Betis,0
Sidnei Rechel da Silva Junior,1989,Brazilian,Defender,12,Real Betis,4
Antonio Barragán,1987,Spanish,Defender,19,Real Betis,1
Junior Firpo,1996,Dominican,Defender,20,Real Betis,0
Aissa Mandi,1991,Algerian,Defender,23,Real Betis,0
Julio Alonso,1994,Spanish,Defender,30,Real Betis,0
Edgar González,1999,Spanish,Defender,32,Real Betis,0
Javier García,1987,Spanish,Midfielder,3,Real Betis,2
Sergio Canales,1991,Spanish,Midfielder,6,Real Betis,6
Cristian Tello,1991,Spanish,Midfielder,11,Real Betis,5
William Carvalho,1992,Portuguese,Midfielder,14,Real Betis,0
Joaquín Sánchez,1981,Spanish,Midfielder,17,Real Betis,4
Andrés Guardado,1986,Mexican,Midfielder,18,Real Betis,4
Giovani Lo Celso,1996,Argentinian,Midfielder,21,Real Betis,1
Diego Lainez Leyva,2000,Mexican,Midfielder,22,Real Betis,0
Adrián Tellado,2000,Spanish,Midfielder,27,Real Betis,0
Irizo,1999,Spanish,Midfielder,28,Real Betis,0
Robert Navarro,2000,Spanish,Midfielder,33,Real Betis,0
Diego Altamirano,2000,Spanish,Midfielder,37,Real Betis,0
Jaime Garijo,2000,Spanish,Midfielder,37,Real Betis,0
Paul Akouokou,2000,Spanish,Midfielder,38,Real Betis,1
Wilfrid Kaptoum,1996,Cameroonian,Midfielder,98,Real Betis,0
Sergio León,1989,Spanish,Forward,7,Real Betis,0
Jesé Rodríguez,1993,Spanish,Forward,10,Real Betis,0
Loren Morón García,1993,Spanish,Forward,16,Real Betis,0
Antonio Sanabria,1996,Paraguayan,Forward,9,Real Betis,0
Emerson Royal,1999,Brazilian,Defender,99,Real Betis,0
Keylor Navas,1986,Coastarican,Goalkeeper,1,Real Madrid,2
Thibaut Courtois,1992,Belgian,Goalkeeper,25,Real Madrid,0
Dani Carvajal,1992,Spanish,Defender,2,Real Madrid,1
Jesús Vallejo,1997,Spanish,Defender,3,Real Madrid,0
Sergio Ramos,1986,Spanish,Defender,4,Real Madrid,1
Raphaël Varane,1993,French,Defender,5,Real Madrid,2
Nacho Fernández Iglesias,1990,Spanish,Defender,6,Real Madrid,2
Marcelo Vieira,1988,Brazilian,Defender,12,Real Madrid,2
Álvaro Odriozola,1995,Spanish,Defender,19,Real Madrid,0
Sergio Reguilón,1996,Spanish,Defender,23,Real Madrid,0
Adrián de la Fuente,2001,Spanish,Defender,26,Real Madrid,4
Francisco Garcia,2001,Spanish,Defender,37,Real Madrid,6
Toni Kroos,1990,German,Midfielder,8,Real Madrid,0
Luka Modric,1985,Croatian,Midfielder,10,Real Madrid,0
Carlos Casemiro,1992,Brazilian,Midfielder,14,Real Madrid,0
Federico Valverde,1998,Uruguayan,Midfielder,15,Real Madrid,4
Marcos Llorente,1995,Spanish,Midfielder,18,Real Madrid,1
Marco Asensio,1996,Spanish,Midfielder,20,Real Madrid,2
Brahim Díaz,1999,Spanish,Midfielder,21,Real Madrid,0
Isco,1992,Spanish,Midfielder,22,Real Madrid,0
Dani Ceballos,1996,Spanish,Midfielder,24,Real Madrid,0
Álvaro Fidalgo,1996,Spanish,Midfielder,36,Real Madrid,0
Jaume Grau,1996,Spanish,Midfielder,39,Real Madrid,0
Javier Sánchez de Felipe,1997,Spanish,Midfielder,99,Real Madrid,6
Mariano Díaz Mejía,1993,Dominican,Forward,7,Real Madrid,3
Karim Benzema,1987,French,Forward,9,Real Madrid,3
Gareth Bale,1989,Welsh,Forward,11,Real Madrid,0
Lucas Vázquez,1991,Spanish,Forward,17,Real Madrid,0
Vinícius Júnior,2000,Brazilian,Forward,28,Real Madrid,0
Gerónimo Rulli,1992,Argentinian,Goalkeeper,1,Real Sociedad,0
Miguel Ángel Moyá,1984,Spanish,Goalkeeper,13,Real Sociedad,2
Joseba Zaldua,1992,Spanish,Defender,2,Real Sociedad,0
Diego Llorente,1993,Spanish,Defender,3,Real Sociedad,0
Héctor Moreno,1988,Mexican,Defender,6,Real Sociedad,0
Aritz Elustondo,1994,Spanish,Defender,15,Real Sociedad,0
Andoni Gorosabel,1996,Spanish,Defender,18,Real Sociedad,2
Theo Hernández,1997,French,Defender,19,Real Sociedad,0
Kévin Manuel Rodrigues,1994,French,Defender,20,Real Sociedad,0
Raúl Rodríguez Navas,1988,Spanish,Defender,22,Real Sociedad,1
Robin Le Normand,1996,French,Defender,27,Real Sociedad,0
Aihen Muñoz,1997,Spanish,Defender,29,Real Sociedad,0
Alex Sola,1999,Spanish,Defender,35,Real Sociedad,0
Asier Illarramendi,1990,Spanish,Midfielder,4,Real Sociedad,1
Igor Zubeldia,1997,Spanish,Midfielder,5,Real Sociedad,1
Mikel Merino,1996,Spanish,Midfielder,8,Real Sociedad,3
Rubén Pardo,1992,Spanish,Midfielder,14,Real Sociedad,2
David Merquelanz,1996,Spanish,Midfielder,16,Real Sociedad,0
David Zurutuza,1986,Spanish,Midfielder,17,Real Sociedad,0
Luca Sangalli,1995,Spanish,Midfielder,23,Real Sociedad,3
Roberto López,1996,Spanish,Midfielder,28,Real Sociedad,0
Näis Djouahra,2000,French,Midfielder,31,Real Sociedad,0
Ander Barrenetxea,2001,Spanish,Midfielder,34,Real Sociedad,0
Martín Zubimendi,1999,Spanish,Midfielder,36,Real Sociedad,0
Zourdine Thior,1999,French,Midfielder,38,Real Sociedad,0
Juan Miguel Jiménez,1993,Spanish,Forward,7,Real Sociedad,2
Mikel Oyarzabal,1997,Spanish,Forward,10,Real Sociedad,2
Adnan Januzaj,1995,Belgian,Forward,11,Real Sociedad,3
Willian José,1991,Brazilian,Forward,12,Real Sociedad,5
Jon Bautista,1995,Spanish,Forward,21,Real Sociedad,0
Sandro Ramírez,1995,Spanish,Forward,24,Real Sociedad,0
Marko Dmitrovic,1992,Serbian,Goalkeeper,1,SD Eibar,0
Asier Riesgo,1983,Spanish,Goalkeeper,13,SD Eibar,0
Josep Calavera,1999,Spanish,Defender,2,SD Eibar,0
Pedro Bigas,1990,Spanish,Defender,3,SD Eibar,1
Néstor Etxebarria,1986,Spanish,Defender,4,SD Eibar,0
Paulo Oliveira,1992,Portuguese,Defender,12,SD Eibar,0
José Ángel Valdés,1992,Romanian,Defender,15,SD Eibar,1
Marc Cucurella,1998,Spanish,Defender,20,SD Eibar,2
Anaitz Arbilla Zabala,1987,Spanish,Defender,23,SD Eibar,2
Iván Ramis,1984,Spanish,Defender,25,SD Eibar,1
Gonzalo Escalante,1993,Argentinian,Midfielder,5,SD Eibar,0
Sergio Álvarez Díaz,1992,Spanish,Midfielder,6,SD Eibar,1
Papakouli Diop,1986,Senegalese,Midfielder,8,SD Eibar,2
Rubén Peña Jiménez,1991,Spanish,Midfielder,11,SD Eibar,5
Fabián Orellana,1986,Chilean,Midfielder,14,SD Eibar,0
Pablo De Blasis,1988,Argentinian,Midfielder,16,SD Eibar,0
Pedro León,1987,Spanish,Midfielder,21,SD Eibar,0
Pere Milla,1993,Spanish,Midfielder,22,SD Eibar,4
Joan Jordán,1994,Spanish,Midfielder,24,SD Eibar,0
Miguel Marí,1991,Spanish,Midfielder,29,SD Eibar,1
Marc Cardona,1996,Spanish,Forward,7,SD Eibar,4
Sergi Enrich,1990,Spanish,Forward,9,SD Eibar,0
Kike García,1989,Spanish,Forward,17,SD Eibar,1
Charles Días Barbosa,1984,Brazilian,Forward,19,SD Eibar,0
Javier Varas,1982,Spanish,Goalkeeper,1,SD Huesca,0
Roberto Santamaría Ciprián,1985,Spanish,Goalkeeper,13,SD Huesca,0
Aleksandar Jovanovic,1986,Serbian,Goalkeeper,25,SD Huesca,0
Martín Mantovani,1984,Argetinian,Defender,2,SD Huesca,0
Xabier Etxeita,1987,Spanish,Defender,3,SD Huesca,0
Adrián Diéguez,1984,Argentinian,Defender,4,SD Huesca,3
Jorge Pulido,1991,Spanish,Defender,14,SD Huesca,0
Carlos Akapo,1993,Spanish,Defender,15,SD Huesca,0
Luís Carlos Correia Pinto,1985,Portuguese,Defender,16,SD Huesca,0
Pablo Insua,1993,Spanish,Defender,18,SD Huesca,0
Jorge Miramón,1989,Spanish,Defender,24,SD Huesca,0
Rúben Semedo,1994,Portuguese,Defender,26,SD Huesca,7
Serdar Gürler,1994,Turquish,Defender,13,SD Huesca,3
Jorge Aguilera,1996,Spanish,Midfielder,5,SD Huesca,1
Moi Gómez,1994,Spanish,Midfielder,6,SD Huesca,0
David Ferreiro,1988,Spanish,Midfielder,7,SD Huesca,1
Gonzalo Melero,1994,Spanish,Midfielder,8,SD Huesca,2
Ignacio Camacho,1990,Spanish,Midfielder,10,SD Huesca,0
Álex Gallar,1991,Spanish,Midfielder,11,SD Huesca,2
Javi Galán,1994,Spanish,Midfielder,12,SD Huesca,0
Rubén Rivera,1993,Spanish,Midfielder,17,SD Huesca,0
Juanpi,1993,Venezuelan,Midfielder,20,SD Huesca,3
Yangel Herrera,1998,Venezuelan,Midfielder,21,SD Huesca,2
Damián Musto,1987,Argentinian,Midfielder,23,SD Huesca,1
Christian Rivera Hernández,1999,Colombian,Forward,9,SD Huesca,0
Ezequiel Chimy Ávila,1994,Argentinian,Forward,19,SD Huesca,0
Enric Gallego,1986,Spanish,Forward,22,SD Huesca,0
Juan Camilo Hernández Suárez,1999,Colombian,Forward,99,SD Huesca,0
Samuele Longo,1992,Italian,Forward,98,SD Huesca,0
Tomáš Vaclík,1989,Czech,Goalkeeper,1,Sevilla FC,1
Juan Soriano Oropesa,1998,Spanish,Goalkeeper,13,Sevilla FC,0
Javier Díaz,1999,Spanish,Goalkeeper,39,Sevilla FC,1
Sergi Gómez,1992,Spanish,Defender,3,Sevilla FC,0
Simon Kjær,1989,Danish,Defender,4,Sevilla FC,0
Daniel Carriço,1988,Portuguese,Defender,6,Sevilla FC,1
Maximilian Wöber,1998,Austrian,Defender,14,Sevilla FC,0
Sergio Escudero Palomo,1989,Spanish,Defender,18,Sevilla FC,2
Guilherme Arana,1997,Brazilian,Defender,23,Sevilla FC,4
Joris Gnagnon,1997,Ivorian,Defender,24,Sevilla FC,0
Gabriel Mercado,1987,Argentinian,Defender,25,Sevilla FC,0
Ibrahim Amadou,1993,French,Midfielder,5,Sevilla FC,5
Roque Mesa,1989,Spanish,Midfielder,7,Sevilla FC,13
Éver Banega,1988,Argentinian,Midfielder,10,Sevilla FC,0
Aleix Vidal,1989,Spanish,Midfielder,11,Sevilla FC,4
Maxime Gonalons,1989,French,Midfielder,15,Sevilla FC,1
Jesús Navas,1985,Spanish,Midfielder,16,Sevilla FC,0
Pablo Sarabia,1992,Spanish,Midfielder,17,Sevilla FC,9
Marko Rog,1995,Croatian,Midfielder,20,Sevilla FC,0
Franco Vázquez,1989,Argentinian,Midfielder,22,Sevilla FC,2
Bryan Gil,2001,Spanish,Midfielder,41,Sevilla FC,3
Manuel Agudo Durán,1986,Spanish,Forward,8,Sevilla FC,0
Luis Muriel,1991,Colombian,Forward,8,Sevilla FC,0
Wissam Ben Yedder,1990,French,Forward,9,Sevilla FC,0
André Silva,1995,Portuguese,Forward,12,Sevilla FC,1
Munir El Haddadi,1995,Spanish,Forward,19,Sevilla FC,0
Quincy Promes,1992,Dutch,Forward,21,Sevilla FC,1
Jaume Domènech,1990,Spanish,Goalkeeper,1,Valencia CF,0
Neto Murara,1989,Brazilian,Goalkeeper,13,Valencia CF,0
Facundo Roncaglia,1987,Argentinian,Defender,4,Valencia CF,0
Gabriel Paulista,1990,Brazilian,Defender,5,Valencia CF,0
Mouctar Diakhaby,1996,French,Defender,12,Valencia CF,1
José Gayá,1995,Spanish,Defender,14,Valencia CF,3
Toni Lato,1997,Spanish,Defender,15,Valencia CF,6
Cristiano Piccini,1992,Italian,Defender,21,Valencia CF,7
Ezequiel Garay,1986,Argentinian,Defender,24,Valencia CF,2
Hugo Guillamón,2000,Spanish,Defender,36,Valencia CF,0
Geoffrey Kondogbia,1993,Central African,Midfielder,6,Valencia CF,1
Gonçalo Guedes,1996,Portuguese,Midfielder,7,Valencia CF,3
Carlos Soler,1997,Spanish,Midfielder,8,Valencia CF,0
Daniel Parejo,1989,Spanish,Midfielder,10,Valencia CF,1
Denís Chéryshev,1990,Russian,Midfielder,11,Valencia CF,6
Lee Kang-In,2001,South Korean,Midfielder,16,Valencia CF,1
Francis Coquelin,1991,French,Midfielder,17,Valencia CF,5
Daniel Wass,1989,Danish,Midfielder,18,Valencia CF,1
Fran Navarro,1999,Spanish,Midfielder,37,Valencia CF,0
Kevin Gameiro,1987,French,Forward,9,Valencia CF,0
Rodrigo Moreno,1991,Spanish,Forward,19,Valencia CF,0
Michy Batshuayi,1993,Belgian,Forward,99,Valencia CF,0
Ferrán Torres,2000,Spanish,Forward,20,Valencia CF,2
Santi Mina,1995,Spanish,Forward,22,Valencia CF,2
Borja Sobrino,1992,Spanish,Forward,23,Valencia CF,1
Sergio Asenjo,1989,Spanish,Goalkeeper,1,Villarreal CF,0
Andrés Fernández Moreno,1986,Spanish,Goalkeeper,13,Villarreal CF,0
Mariano Damián Barbosa,1984,Spanish,Goalkeeper,25,Villarreal CF,0
Mario Gaspar,1990,Spanish,Defender,2,Villarreal CF,0
Álvaro González Soberón,1989,Spanish,Defender,3,Villarreal CF,3
Ramiro Funes Mori,1991,Argentinian,Defender,4,Villarreal CF,1
Víctor Ruiz Torre,1989,Spanish,Defender,6,Villarreal CF,3
José Luis Gayà,1995,Spanish,Defender,11,Villarreal CF,1
Miguel Llambrich,1996,Spanish,Defender,15,Villarreal CF,0
Daniele Bonera,1981,Italian,Defender,23,Villarreal CF,3
Manuel Iturra,1984,Chilean,Defender,98,Villarreal CF,0
Xavi Quintillà,1996,Spanish,Defender,96,Villarreal CF,10
Miguel Layún,1988,Mexican,Defender,95,Villarreal CF,0
Santiago Cáseres,1997,Argentinian,Midfielder,5,Villarreal CF,1
Pablo Fornals,1996,Spanish,Midfielder,8,Villarreal CF,2
Vicente Iborra de la Fuente,1988,Spanish,Midfielder,10,Villarreal CF,0
Manu Trigueros,1991,Spanish,Midfielder,14,Villarreal CF,0
Alfonso Pedraza,1996,Spanish,Midfielder,16,Villarreal CF,1
Javier Fuego,1984,Spanish,Midfielder,18,Villarreal CF,1
Santi Cazorla,1984,Spanish,Midfielder,19,Villarreal CF,1
Bruno Soriano,1984,Spanish,Midfielder,21,Villarreal CF,0
Samuel García,1993,Spanish,Midfielder,22,Villarreal CF,0
Samuel Chukwueze,1999,Nigerian,Midfielder,30,Villarreal CF,0
Iván Martín,1999,Spanish,Midfielder,37,Villarreal CF,0
Andrei Ratiu,1999,Romanian,Midfielder,42,Villarreal CF,0
Manu Morlanes,1999,Spanish,Midfielder,99,Villarreal CF,0
Gerard Moreno,1992,Spanish,Forward,7,Villarreal CF,0
Carlos Bacca,1986,Colombian,Forward,9,Villarreal CF,0
Karl Toko Ekambi,1992,Cameroonian,Forward,17,Villarreal CF,0
Nicola Sansone,1991,Italian,Forward,97,Villarreal CF,0
