gamesplayedavg,goalscoredbin,goalswhilepitchavg,interceptionsavg,recoveriesavg,clearancesavg,offsidesbin,foulssufferedavg,foulscommittedavg,penaltieswonbin,penaltiesgivenbin,handballsbin,shotsavg,assistsbin,cornersbin,duelsavg,offensivebin,defensivebin
False,False,False,False,False,False,False,False,False,False,False,False,False,False,False,False,False,True
False,False,False,False,False,False,False,False,False,False,False,False,False,False,False,False,False,True
True,False,True,False,True,False,False,False,False,False,False,False,False,True,False,False,False,True
False,False,False,False,True,False,False,False,False,False,True,False,False,False,False,False,False,True
False,False,False,True,True,True,False,False,False,False,False,True,False,False,False,False,False,True
True,False,True,True,True,True,False,True,True,True,True,True,True,False,False,True,False,True
True,False,True,True,True,True,False,True,True,False,False,False,False,False,False,True,False,True
True,False,True,True,True,True,True,False,True,False,False,False,False,False,False,True,False,True
True,True,True,True,True,True,True,True,True,False,False,False,True,True,True,True,False,True
False,False,False,False,False,False,False,False,False,False,False,False,False,False,True,False,False,True
False,False,False,False,True,False,True,False,False,False,False,True,False,False,False,False,True,False
False,True,False,False,True,False,False,False,False,False,False,False,False,False,False,False,True,False
True,True,True,True,True,False,True,False,True,False,True,True,True,True,True,True,True,False
False,False,False,False,False,False,False,False,False,False,False,False,False,False,False,False,False,True
True,False,False,True,True,False,True,True,True,False,False,True,True,True,True,True,False,True
True,True,False,False,True,False,True,False,False,False,False,False,False,True,True,False,True,False
True,False,True,True,True,True,False,True,True,False,False,True,False,False,False,True,False,True
False,False,False,False,True,False,False,False,False,False,False,False,False,False,False,False,True,False
True,True,True,True,True,True,True,False,True,False,False,True,False,True,False,True,False,True
True,True,True,False,True,False,False,False,False,False,False,False,True,True,True,True,False,True
True,False,False,True,True,True,True,False,True,False,False,True,False,False,False,True,True,False
True,True,True,True,True,True,True,True,True,True,False,True,True,True,False,True,False,True
False,False,False,False,True,False,True,False,False,False,False,False,False,False,True,False,True,False
False,False,False,False,False,False,False,False,False,False,False,False,False,False,False,False,True,False
False,False,False,False,False,False,False,False,False,False,False,True,False,False,False,False,True,False
False,True,False,False,False,False,True,False,False,False,False,False,False,False,False,False,True,False
True,True,True,False,True,True,True,True,True,False,False,True,True,True,True,True,True,False
True,True,True,False,True,False,True,True,True,True,False,True,True,True,True,True,False,True
True,True,False,False,True,False,True,False,True,False,True,True,True,False,False,True,False,True
False,False,False,False,False,False,False,False,False,False,False,False,False,False,False,False,False,True
False,False,False,False,False,False,False,False,False,False,False,False,False,False,False,False,False,True
True,False,True,False,True,False,False,False,False,False,True,False,False,False,False,False,False,True
True,True,True,True,True,True,False,True,True,False,False,False,True,True,False,True,False,True
True,True,False,True,True,True,True,False,True,False,True,True,False,True,False,True,False,True
True,True,False,True,True,True,True,True,True,False,False,False,False,True,False,True,False,True
False,False,False,True,True,True,False,False,False,False,False,True,False,True,False,False,False,True
False,False,False,False,False,False,False,False,False,False,False,False,False,False,False,False,False,True
True,False,False,True,True,True,True,False,False,False,True,True,False,True,False,False,False,True
False,True,False,False,True,True,False,True,False,False,False,False,False,False,False,False,False,True
True,False,False,True,True,True,False,True,False,False,True,False,True,False,False,True,False,True
False,False,False,False,False,False,False,False,False,False,False,False,False,False,False,False,False,True
False,False,False,False,False,False,True,False,False,False,False,False,False,False,False,False,False,True
False,False,False,False,False,False,False,False,False,False,False,False,False,False,False,False,False,True
True,True,True,True,True,False,False,True,True,False,False,True,True,True,True,True,True,False
True,True,True,True,True,True,True,True,True,True,False,True,True,True,True,True,False,True
True,True,True,True,True,True,True,True,True,False,True,True,True,True,False,True,True,False
True,True,True,True,True,True,True,True,True,False,False,True,True,True,False,True,True,False
False,False,False,False,False,False,False,False,False,False,False,False,False,False,False,False,False,True
False,False,False,False,False,False,False,False,False,False,False,False,False,False,False,False,False,True
False,True,False,False,False,False,False,False,False,False,False,False,False,False,False,False,False,True
False,False,False,False,False,False,False,False,False,False,False,True,False,False,False,False,False,True
False,False,False,False,False,False,False,False,False,False,False,False,False,False,False,False,False,True
False,True,False,False,False,False,False,False,False,False,False,False,False,False,False,False,True,False
False,False,False,False,False,False,False,False,False,False,False,False,False,False,False,False,True,False
True,True,True,False,True,False,True,True,False,False,False,True,True,True,True,True,True,False
False,True,False,False,False,False,True,False,False,False,False,True,False,False,False,False,True,False
True,True,True,True,True,False,True,True,True,True,False,True,True,True,True,True,True,False
True,True,False,True,True,False,True,True,True,False,False,True,True,True,True,True,True,False
False,True,False,False,True,False,True,False,True,False,False,True,False,True,False,True,True,False
False,True,False,False,True,False,True,True,True,False,False,True,True,True,False,True,True,False
True,False,False,False,True,False,True,True,False,False,False,True,False,True,True,True,False,True
True,False,True,False,True,True,False,False,False,False,False,False,False,False,False,False,False,True
False,False,False,False,False,False,False,False,False,False,False,False,False,False,False,False,False,True
False,False,False,False,True,False,False,False,False,False,False,False,False,False,False,False,False,True
False,False,False,False,False,False,False,False,False,False,False,False,False,False,False,False,False,True
True,True,True,True,True,False,False,True,False,False,False,False,False,True,True,False,False,True
True,False,True,True,True,True,False,True,True,False,True,True,False,True,False,True,False,True
False,False,False,False,True,False,False,False,False,False,False,False,False,False,False,False,False,True
True,True,True,True,True,True,True,True,True,False,False,True,True,True,True,True,False,True
True,True,False,True,True,False,True,True,True,False,False,True,False,True,False,True,False,True
False,False,False,False,True,False,False,False,False,False,False,False,False,False,False,False,False,True
False,False,False,True,True,True,False,False,False,False,False,False,False,False,False,False,False,True
False,False,False,False,False,False,False,False,False,False,False,False,False,False,False,False,False,True
True,True,True,True,True,True,True,False,True,False,False,False,True,False,False,True,False,True
True,False,True,True,True,True,True,False,False,False,True,True,False,False,False,True,False,True
True,True,True,True,True,False,True,True,True,True,False,True,True,True,True,True,False,True
False,True,False,False,True,False,False,False,True,False,False,False,True,True,True,False,True,False
False,False,False,False,True,False,False,True,True,False,False,True,False,False,False,True,True,False
True,True,False,False,True,False,True,False,False,False,False,False,True,False,True,False,True,False
False,False,False,False,False,False,False,False,False,False,False,False,False,False,True,False,False,True
False,False,False,False,True,False,True,False,False,True,False,True,False,False,True,False,False,True
True,False,True,True,True,True,False,True,True,False,False,True,False,False,False,True,True,False
True,True,True,True,True,False,False,True,True,False,False,True,False,True,False,True,False,True
False,False,False,False,False,False,False,False,False,False,False,False,False,False,False,False,True,False
True,True,True,False,True,False,True,True,True,False,False,True,True,True,True,True,True,False
True,True,False,False,True,False,True,True,True,False,False,True,True,True,False,True,True,False
False,False,False,False,False,False,False,False,False,False,False,False,False,False,False,False,True,False
False,False,False,False,False,False,True,False,False,False,False,True,False,False,False,False,True,False
False,True,False,False,True,False,True,False,True,False,False,False,True,True,False,False,True,False
True,True,False,False,True,False,True,False,True,True,False,True,True,True,False,True,True,False
True,False,True,False,True,True,False,False,False,False,False,False,False,False,False,False,False,True
False,False,False,False,True,False,False,False,False,False,False,False,False,False,False,False,False,True
False,False,False,False,False,False,False,False,False,False,False,False,False,False,False,False,False,True
False,False,False,False,True,False,False,False,False,False,False,False,False,False,True,False,False,True
True,False,True,True,True,True,True,True,True,False,False,False,True,False,True,True,False,True
False,False,False,False,True,False,False,False,False,False,True,False,False,False,False,False,False,True
True,True,True,True,True,True,True,False,True,False,True,False,True,True,False,True,False,True
True,True,True,True,True,True,True,False,False,False,True,False,False,True,False,True,False,True
True,True,True,True,True,True,False,True,False,False,True,True,False,True,False,True,False,True
False,False,False,False,True,False,False,False,False,False,False,True,False,False,False,False,False,True
True,False,True,True,True,True,False,True,True,False,False,True,False,False,False,True,False,True
False,False,False,False,False,False,False,False,False,False,False,False,False,False,False,False,True,False
True,True,True,True,True,True,True,True,True,False,True,True,False,False,False,True,True,False
True,True,False,False,True,False,True,True,False,False,False,True,True,False,True,False,False,True
True,True,True,True,True,True,True,True,True,False,True,True,True,True,False,True,False,True
True,False,True,False,True,False,False,False,True,False,False,True,False,True,True,True,False,True
True,True,True,True,True,False,True,True,True,False,False,False,True,True,True,True,True,False
True,True,True,True,True,False,True,True,True,False,False,False,True,True,True,True,False,True
False,False,False,False,False,False,False,False,False,False,False,False,False,False,False,False,False,True
False,False,False,False,False,False,False,False,False,False,False,False,False,False,False,False,True,False
False,False,False,False,True,False,False,False,False,False,False,True,False,False,True,False,True,False
True,True,False,False,True,False,False,False,False,False,False,True,False,True,False,False,True,False
True,True,True,False,True,True,True,True,True,True,False,True,True,True,False,True,True,False
False,True,False,False,True,False,True,True,False,False,False,False,False,False,True,False,True,False
True,True,True,False,True,False,True,False,True,False,False,True,True,True,False,True,True,False
False,False,False,False,False,False,True,False,False,False,False,True,False,False,True,False,True,False
True,False,True,False,True,False,False,False,False,False,False,False,False,False,False,False,True,False
False,False,False,False,True,False,False,False,False,False,False,False,False,False,False,False,False,True
False,False,False,False,False,False,False,False,False,False,False,False,False,False,False,False,False,True
False,False,False,False,False,False,False,False,False,False,False,False,False,False,False,False,False,True
True,True,False,True,True,False,True,True,True,True,False,False,False,False,False,True,False,True
True,True,True,True,True,True,True,True,True,True,False,True,True,True,False,True,False,True
False,False,False,False,False,False,False,False,False,False,False,False,False,False,False,False,False,True
True,True,False,True,True,True,True,False,True,False,False,False,False,False,False,True,False,True
True,True,True,True,True,True,True,True,True,True,False,True,False,True,True,True,False,True
True,False,True,True,True,False,False,True,False,False,True,False,False,True,False,True,False,True
False,False,False,True,True,False,True,False,False,False,False,False,False,True,False,False,False,True
False,False,False,False,True,False,False,False,False,False,False,False,False,False,False,False,False,True
False,False,False,False,False,False,False,False,False,False,False,False,False,False,False,False,False,True
False,False,False,False,False,False,False,False,False,False,False,False,False,False,False,False,False,True
True,True,True,True,True,False,True,True,True,False,False,True,True,True,True,True,False,True
True,False,True,True,True,False,False,True,True,False,False,True,False,True,False,True,False,True
True,True,False,False,True,False,True,True,True,True,False,True,True,True,True,True,False,True
True,False,False,False,True,False,False,True,False,False,False,False,False,True,True,False,True,False
False,False,False,False,False,False,False,False,False,False,False,False,False,False,True,False,True,False
False,True,False,False,True,False,True,False,False,False,False,False,False,False,True,False,True,False
True,True,True,True,True,False,False,True,True,False,False,True,True,True,False,True,True,False
True,True,True,False,True,False,True,True,True,True,False,True,True,True,False,True,True,False
True,True,True,False,True,False,True,True,True,False,False,True,True,True,True,True,True,False
True,True,False,False,True,False,True,True,True,False,False,True,True,True,True,True,True,False
False,True,False,False,True,False,True,False,False,False,False,False,False,True,True,False,True,False
False,False,False,False,False,False,True,False,False,False,False,False,False,False,False,False,True,False
False,False,False,False,False,False,False,False,False,False,False,False,False,False,False,False,True,False
True,False,True,False,True,True,False,False,False,False,False,False,False,False,False,False,False,True
False,False,False,False,False,False,False,False,False,False,False,False,False,False,False,False,False,True
True,False,True,True,True,True,False,True,True,True,True,True,False,False,False,True,False,True
True,True,True,True,True,True,True,True,True,False,False,True,True,True,True,True,False,True
True,False,False,True,True,True,False,False,True,False,True,True,False,True,False,True,False,True
True,True,True,True,True,True,True,False,True,False,False,True,True,False,False,True,False,True
False,False,False,False,True,False,True,True,False,False,False,False,False,True,False,True,False,True
False,False,False,False,True,False,False,False,False,False,False,False,False,False,False,False,False,True
True,False,True,True,True,True,True,True,True,False,False,True,False,True,True,True,False,True
True,True,False,True,True,True,True,True,True,False,False,False,False,True,False,True,False,True
False,False,False,False,False,False,False,False,False,False,False,False,False,False,False,False,False,True
False,False,False,False,False,False,False,False,False,False,False,False,False,False,False,False,False,True
True,True,True,True,True,False,True,True,True,False,False,True,False,True,True,True,False,True
False,False,False,False,True,False,False,False,False,False,False,False,False,False,True,False,True,False
False,True,False,False,True,False,True,False,False,False,False,True,False,False,True,False,True,False
False,False,False,False,True,False,False,False,False,True,False,True,False,True,True,False,True,False
False,False,False,False,True,False,False,False,False,False,False,True,False,False,False,False,False,True
True,True,True,True,True,True,True,True,True,True,True,True,True,True,True,True,False,True
True,True,True,True,True,True,True,False,True,False,True,True,True,False,False,True,False,True
False,False,False,False,True,False,False,False,False,True,False,False,False,False,True,False,False,True
True,True,True,True,True,False,True,True,True,False,False,True,True,True,False,True,True,False
True,True,False,False,True,False,True,True,True,False,True,True,True,True,False,True,False,True
True,True,True,False,True,False,True,True,True,False,False,True,True,True,False,True,True,False
False,False,False,False,False,False,False,False,False,False,False,False,False,False,False,False,True,False
False,False,False,False,True,False,False,False,False,False,False,False,False,False,False,False,True,False
True,False,True,False,True,False,False,False,False,False,False,False,False,False,False,False,True,False
True,True,True,True,True,True,True,False,True,False,True,True,True,True,False,True,True,False
False,False,False,False,False,False,False,False,False,False,False,False,False,False,False,False,False,True
True,True,True,True,True,True,False,False,False,False,True,True,False,False,False,False,False,True
True,True,True,True,True,True,True,False,True,False,False,False,False,True,False,True,False,True
False,False,False,False,True,False,False,False,False,False,True,True,False,True,True,False,False,True
False,False,False,True,True,True,True,False,False,False,False,False,False,True,True,False,False,True
True,False,True,True,True,True,True,False,True,False,True,False,True,False,False,True,False,True
True,False,True,True,True,True,False,True,True,False,True,False,False,False,False,True,False,True
False,False,False,False,True,False,False,False,False,False,False,False,False,True,False,False,False,True
False,False,False,False,False,False,False,False,False,False,False,False,False,False,False,False,False,True
False,False,False,False,False,False,False,False,False,False,False,False,False,False,False,False,False,True
False,False,False,False,False,False,False,False,False,False,False,False,False,False,False,False,False,True
False,False,False,False,False,False,False,False,False,False,False,False,False,False,False,False,False,True
True,False,True,True,True,True,True,True,True,False,False,True,True,True,True,True,False,True
True,True,True,True,True,True,False,True,True,False,True,True,True,True,False,True,False,True
True,True,True,True,True,False,True,True,True,False,False,True,True,True,True,True,True,False
True,False,True,True,True,False,False,True,True,False,True,True,False,False,True,True,True,False
True,False,False,False,True,False,True,False,False,False,False,False,False,False,False,False,True,False
True,True,True,True,True,False,True,True,False,False,False,False,True,True,True,True,True,False
True,False,True,True,True,True,False,True,True,False,False,True,True,True,False,True,True,False
False,False,False,False,True,False,False,False,False,False,False,False,False,True,False,False,False,True
False,False,False,False,False,False,False,False,False,False,False,False,False,False,False,False,False,True
True,True,True,False,True,True,True,True,True,True,False,True,True,False,False,True,False,True
True,True,True,False,True,False,True,True,True,False,False,True,True,True,False,True,True,False
True,False,False,False,True,False,True,False,True,True,False,False,True,False,False,False,True,False
False,True,False,False,True,False,True,False,False,False,False,False,True,False,False,False,True,False
False,False,False,False,False,False,False,False,False,False,False,False,False,False,False,False,True,False
True,False,True,False,True,False,False,False,False,False,False,False,False,False,False,False,True,False
False,False,True,False,True,False,False,False,False,False,False,False,False,False,False,False,False,True
False,False,False,False,False,False,False,False,False,False,False,False,False,False,False,False,False,True
True,True,True,False,True,True,True,True,False,False,True,False,False,True,True,True,False,True
True,True,True,True,True,True,True,False,True,False,True,True,False,False,False,True,False,True
True,True,True,True,True,True,False,False,True,False,False,False,False,False,False,False,False,True
True,True,True,True,True,True,True,True,True,False,False,False,False,False,False,True,False,True
True,True,True,True,True,True,True,False,True,False,False,False,False,True,False,False,False,True
True,True,True,True,True,True,False,False,False,False,False,False,False,True,False,False,False,True
True,True,True,True,True,True,True,False,True,False,True,True,False,False,False,True,False,True
False,False,False,False,True,False,False,False,False,False,False,True,False,True,False,False,False,True
False,False,True,True,True,True,False,False,False,False,False,True,False,True,True,False,False,True
False,False,False,False,True,False,False,False,False,False,True,False,False,False,False,False,False,True
True,True,True,True,True,True,True,True,True,True,True,True,True,True,True,True,False,True
True,True,True,False,True,False,True,True,True,True,False,True,True,True,True,True,True,False
True,True,True,True,True,False,True,True,True,False,False,False,True,True,True,True,True,False
False,False,False,False,True,False,False,False,True,False,True,True,False,True,False,False,True,False
True,True,True,True,True,False,True,True,True,False,True,True,True,True,True,True,True,False
True,True,True,True,True,True,True,True,True,False,True,True,True,True,True,True,False,True
False,False,False,False,False,False,False,False,False,False,False,False,False,False,False,False,False,True
False,False,False,False,False,False,False,False,False,False,False,False,False,False,False,False,False,True
True,True,True,False,True,False,True,True,False,False,False,True,True,True,False,True,True,False
True,True,False,False,True,False,False,False,False,False,True,True,False,True,False,False,False,True
True,True,True,False,True,False,True,True,True,True,False,True,True,False,False,True,True,False
False,False,False,False,False,False,True,False,False,True,False,True,False,True,False,False,True,False
True,False,True,False,True,False,False,False,False,False,False,False,False,False,False,False,True,False
False,False,False,False,True,False,False,False,False,False,False,False,False,False,False,False,True,False
False,True,False,True,True,True,False,False,False,False,False,False,False,False,False,False,False,True
False,False,False,False,False,False,False,False,False,False,False,False,False,False,False,False,False,True
True,False,True,True,True,True,True,True,False,False,True,True,False,False,False,True,False,True
True,True,True,True,True,True,False,False,True,False,True,True,False,False,False,True,False,True
True,False,True,True,True,True,False,True,False,False,False,False,False,False,False,False,False,True
True,True,True,True,True,False,True,False,True,False,False,True,False,True,False,True,False,True
True,True,True,True,True,True,True,True,True,False,False,True,False,True,True,True,False,True
False,False,False,False,False,False,False,False,False,False,False,False,False,False,False,False,False,True
False,False,False,False,False,False,False,False,False,False,False,False,False,False,False,False,False,True
False,False,False,False,False,False,False,False,False,False,False,False,False,False,False,False,False,True
False,False,False,False,False,False,False,False,False,False,False,True,False,True,True,False,False,True
False,False,False,False,False,False,False,False,False,False,False,False,False,False,False,False,False,True
False,True,False,False,True,False,True,False,False,False,False,False,False,False,False,False,True,False
True,False,False,False,True,False,True,False,False,False,False,True,False,False,False,False,False,True
True,True,True,True,True,False,True,True,True,True,True,True,True,True,True,True,True,False
True,True,False,False,True,False,True,False,False,False,False,True,True,False,True,False,True,False
True,True,True,True,True,True,True,True,True,False,False,True,True,True,True,True,True,False
True,True,True,False,True,False,True,True,True,False,False,False,True,True,True,True,True,False
True,True,True,True,True,False,True,True,True,False,True,True,True,True,True,True,False,True
True,True,False,False,True,False,True,False,True,False,False,True,False,False,True,True,True,False
True,True,True,False,True,False,True,True,True,False,True,True,True,True,True,True,False,True
False,False,False,False,False,False,False,False,False,False,False,False,False,False,False,False,False,True
False,False,False,False,False,False,False,False,False,False,False,False,False,False,False,False,True,False
False,False,False,False,False,False,False,False,False,False,False,False,False,False,False,False,True,False
True,True,True,False,True,False,True,True,True,False,False,True,True,True,False,True,False,True
True,True,True,False,True,False,True,True,True,True,False,True,True,True,False,True,False,True
False,False,False,False,True,False,True,False,False,True,False,False,False,False,False,False,True,False
False,False,False,False,False,False,False,False,False,False,False,False,False,False,False,False,True,False
False,False,True,False,True,False,False,False,False,False,False,False,False,False,False,False,True,False
True,False,True,False,True,False,False,False,False,False,False,True,False,False,False,False,True,False
False,False,False,False,False,False,False,False,False,False,False,False,False,False,False,False,True,False
False,False,False,False,False,False,False,False,False,False,True,True,False,False,False,False,False,True
False,False,False,False,False,False,False,False,False,False,False,False,False,True,False,False,False,True
False,False,True,True,True,True,False,False,False,False,False,False,False,False,False,False,False,True
True,True,True,True,True,True,True,True,True,False,False,True,True,True,False,True,False,True
True,False,True,True,True,True,True,False,True,False,True,False,False,False,False,True,False,True
True,True,True,True,True,True,False,True,True,True,False,True,True,True,False,True,False,True
False,False,True,True,True,True,False,False,True,False,True,False,False,True,False,True,False,True
True,True,True,True,True,True,True,False,True,False,True,True,False,False,False,True,False,True
False,True,True,True,True,True,True,False,True,False,True,False,False,False,False,True,False,True
False,False,False,False,False,False,False,False,False,False,False,False,False,False,False,False,False,True
False,False,False,False,False,False,False,False,False,False,False,False,False,False,False,False,False,True
True,True,True,True,True,True,True,True,True,False,False,True,False,True,False,True,False,True
False,False,False,False,True,False,False,False,False,False,False,False,False,False,False,False,False,True
True,True,True,True,True,False,True,True,True,False,True,True,True,False,True,False,False,True
False,False,False,False,False,False,False,False,False,False,False,False,False,False,False,False,False,True
False,True,False,False,True,False,True,False,False,False,False,False,False,False,True,False,True,False
True,True,True,False,True,False,True,True,True,False,False,False,True,True,True,True,True,False
True,True,True,False,True,False,True,False,True,True,False,True,True,True,True,True,False,True
False,True,True,False,True,False,True,True,True,False,False,True,True,False,False,True,False,True
True,True,True,True,True,False,True,False,False,False,False,True,True,True,True,False,True,False
True,True,True,False,True,False,True,True,False,False,False,False,True,False,True,True,True,False
False,False,False,False,False,False,True,False,False,False,False,False,False,False,False,False,True,False
False,False,False,False,False,False,False,False,False,False,False,False,False,False,False,False,False,True
False,False,False,False,False,False,False,False,False,False,False,False,False,False,False,False,False,True
True,True,True,True,True,False,True,True,True,False,False,True,True,True,True,True,True,False
True,True,True,False,True,True,True,True,True,False,False,True,True,True,False,True,True,False
True,True,True,True,True,False,True,True,True,True,True,True,True,True,True,True,True,False
False,False,False,False,False,False,False,False,False,False,False,False,False,False,False,False,True,False
False,False,False,False,False,False,True,False,False,True,False,True,False,True,False,False,True,False
False,False,False,False,False,False,False,False,False,False,False,False,False,False,False,False,True,False
False,False,True,False,True,False,False,False,False,False,True,False,False,False,False,False,True,False
True,False,True,False,True,False,False,False,False,False,False,False,False,False,False,False,True,False
False,False,False,False,False,False,False,False,False,False,False,False,False,False,False,False,False,True
False,False,False,False,True,False,False,False,False,False,True,True,False,True,True,False,False,True
True,True,True,True,True,True,True,True,True,False,True,False,True,True,True,True,False,True
False,False,False,True,True,True,True,False,False,False,False,False,False,False,False,False,False,True
True,True,True,True,True,True,True,False,False,False,True,False,False,False,False,True,False,True
False,False,True,False,True,True,False,False,False,False,False,False,False,False,False,False,False,True
True,False,True,True,True,True,True,True,True,False,True,True,False,True,False,True,False,True
False,False,False,False,False,False,False,False,False,False,False,False,False,False,False,False,False,True
True,False,True,True,True,True,True,False,True,False,False,True,False,False,False,True,False,True
True,True,True,True,True,True,True,True,True,False,False,True,True,False,False,True,False,True
False,False,False,False,False,False,False,False,False,False,False,False,False,False,False,False,False,True
False,False,False,False,True,False,True,False,False,False,False,True,False,False,False,False,False,True
True,True,True,True,True,False,False,False,False,False,False,False,False,False,False,False,True,False
True,False,True,True,True,False,True,True,True,False,False,False,False,True,True,True,True,False
False,False,False,False,True,False,True,False,False,False,False,True,False,True,True,False,False,True
False,False,False,False,True,False,False,False,False,False,False,False,False,False,True,False,True,False
True,True,True,False,True,False,True,True,True,True,False,True,True,True,True,True,True,False
True,False,False,False,True,False,True,False,False,False,False,False,False,False,True,False,False,True
True,True,True,True,True,False,True,True,True,True,False,False,True,True,True,True,False,True
True,True,False,False,True,False,True,False,False,False,True,False,True,True,True,True,False,True
True,True,True,False,True,True,True,True,True,False,False,True,True,True,False,True,False,True
True,True,True,True,True,False,True,True,False,True,False,True,True,True,True,True,True,False
True,True,False,False,True,False,True,True,False,False,False,True,True,True,True,False,True,False
False,False,False,False,False,False,False,False,False,False,False,False,False,False,False,False,True,False
True,False,True,False,True,False,False,False,False,False,False,False,False,False,False,False,False,True
False,False,False,False,True,False,False,False,False,False,True,False,False,False,False,False,False,True
False,True,False,True,True,True,True,False,False,False,False,True,False,True,False,False,False,True
False,False,False,False,True,True,True,False,False,False,False,False,False,False,False,False,False,True
True,True,True,True,True,True,True,False,True,False,True,True,True,True,False,True,False,True
True,False,True,True,True,True,True,True,True,False,True,True,True,True,False,True,False,True
True,False,True,True,True,True,False,True,True,False,False,True,False,False,False,True,False,True
True,True,True,True,True,True,True,True,True,False,True,False,True,False,False,True,False,True
False,True,False,False,True,False,True,False,False,False,False,True,False,False,True,False,False,True
False,False,False,False,False,False,False,False,False,False,False,False,False,False,False,False,False,True
False,False,False,False,False,False,False,False,False,False,False,False,False,False,False,False,False,True
False,True,False,False,False,False,True,False,False,False,False,True,False,False,False,False,False,True
True,False,True,True,True,False,True,True,True,False,False,False,False,True,True,True,False,True
True,True,True,True,True,False,True,True,True,False,False,True,True,True,True,True,True,False
True,False,True,False,True,False,False,True,False,False,False,False,False,True,True,True,False,True
True,False,True,True,True,True,False,False,False,True,True,True,False,False,False,True,False,True
False,False,False,False,False,False,False,False,False,False,False,False,False,False,True,False,False,True
True,True,True,True,True,True,False,True,True,False,False,True,True,True,True,True,False,True
True,True,True,True,True,True,False,True,True,False,True,True,True,True,True,True,False,True
False,False,False,False,False,False,False,False,False,False,False,False,False,False,False,False,False,True
False,False,False,False,False,False,False,False,False,False,False,False,False,False,False,False,False,True
True,True,True,False,True,True,True,True,True,False,False,True,True,True,True,True,True,False
True,True,True,False,True,False,True,True,False,False,False,True,True,True,True,True,True,False
True,True,False,False,True,False,True,False,True,False,False,True,False,True,True,False,True,False
True,True,False,False,True,False,True,True,False,False,False,True,False,False,True,False,True,False
False,False,False,False,True,False,True,False,False,True,False,False,False,False,False,False,True,False
False,True,False,False,True,False,True,False,False,True,False,False,True,True,False,False,True,False
False,False,False,False,True,False,False,False,False,False,False,False,False,False,False,False,True,False
True,False,True,False,True,False,False,False,False,False,False,True,False,False,False,False,True,False
False,False,False,False,False,False,False,False,False,False,False,True,False,False,False,False,False,True
True,False,True,True,True,True,True,True,False,False,False,True,False,True,False,True,False,True
True,True,True,True,True,True,False,False,True,False,True,True,True,True,False,True,False,True
True,True,True,True,True,True,True,True,True,False,True,True,False,False,False,True,False,True
True,True,True,True,True,True,False,False,False,False,False,False,False,False,False,True,False,True
False,False,False,False,True,False,False,False,True,False,False,False,False,False,False,False,False,True
True,True,True,True,True,True,True,True,True,True,False,False,True,True,False,True,False,True
True,True,True,True,True,True,True,True,True,False,False,False,False,True,False,True,False,True
False,False,False,False,False,False,False,False,False,False,False,False,False,False,False,False,False,True
False,False,False,False,False,False,False,False,False,False,False,False,False,False,False,False,False,True
False,False,False,False,True,False,False,False,False,False,False,False,False,False,False,False,False,True
False,False,False,False,True,False,False,False,False,False,False,False,False,False,False,False,False,True
True,True,True,False,True,False,True,True,True,False,False,True,True,True,True,True,False,True
True,True,True,True,True,False,True,False,False,True,True,False,True,True,True,False,False,True
True,False,True,False,True,True,True,True,True,False,False,True,False,True,False,True,True,False
True,True,True,False,True,True,True,True,False,False,False,False,True,False,True,True,False,True
True,False,True,True,True,False,True,True,True,False,True,True,True,True,True,True,True,False
True,True,True,True,True,False,True,True,True,True,False,True,True,True,True,True,False,True
False,False,False,False,False,False,False,True,False,False,False,False,False,True,True,False,True,False
False,False,False,False,False,False,False,False,False,False,False,False,False,False,False,False,False,True
False,False,False,False,False,False,False,False,False,False,False,False,False,False,False,False,True,False
False,False,False,False,False,False,False,False,False,False,False,False,False,False,False,False,True,False
False,False,False,False,False,False,False,False,False,False,False,False,False,False,False,False,False,True
False,False,False,False,False,False,False,False,False,False,False,False,False,False,False,False,False,True
False,False,False,False,False,False,False,False,False,False,False,False,False,False,False,False,False,True
False,False,False,False,True,False,True,False,False,False,False,False,False,True,False,False,False,True
False,True,False,False,True,False,True,False,False,False,False,True,True,False,True,False,True,False
True,True,True,False,True,False,True,True,True,True,False,True,True,False,False,True,True,False
False,False,False,False,False,False,False,False,False,False,False,False,False,False,False,False,True,False
False,False,False,False,True,False,False,False,False,False,False,False,False,False,False,False,True,False
True,False,True,False,True,False,False,False,False,False,False,False,False,False,False,False,True,False
False,False,False,False,False,False,False,False,False,False,False,False,False,False,False,False,False,True
True,True,True,True,True,False,True,True,True,False,False,False,False,True,True,True,False,True
False,True,False,False,True,False,False,False,False,False,True,True,False,False,False,False,False,True
True,True,True,True,True,True,True,True,True,False,True,True,True,True,False,True,False,True
True,True,True,True,True,True,True,False,False,False,True,True,False,False,False,True,False,True
True,False,True,True,True,True,False,False,True,False,False,True,False,True,False,True,False,True
True,True,True,True,True,False,True,True,True,False,False,True,True,True,True,True,False,True
False,False,False,False,True,False,True,True,False,True,True,False,False,True,False,False,False,True
False,False,False,True,True,True,False,True,True,False,False,False,False,True,True,False,False,True
False,False,False,False,False,False,False,False,False,False,False,False,False,False,False,False,False,True
False,False,False,False,False,False,False,False,False,False,False,False,False,False,False,False,False,True
True,False,True,False,True,False,True,True,True,False,False,False,True,True,True,True,False,True
True,True,True,True,True,False,True,True,True,False,False,True,True,True,True,True,False,True
True,True,True,True,True,True,False,True,True,True,True,True,True,False,False,True,True,False
False,False,False,True,True,False,False,False,False,False,False,True,False,False,True,False,True,False
False,False,False,False,True,False,True,False,False,False,False,True,False,False,False,False,True,False
True,True,True,False,True,False,True,True,False,True,False,True,True,True,True,True,False,True
False,True,False,False,False,False,False,False,False,False,False,False,False,True,False,False,False,True
True,True,False,False,True,False,True,True,True,False,False,True,True,True,True,True,True,False
True,True,False,True,True,False,True,True,False,False,False,True,False,False,True,True,True,False
False,False,False,False,False,False,False,False,False,False,False,False,False,False,False,False,True,False
False,False,False,False,False,False,False,False,False,False,False,False,False,False,False,False,True,False
False,False,False,False,False,False,False,False,False,False,False,True,False,False,False,False,False,True
False,True,False,False,False,False,True,False,False,False,False,False,True,False,False,False,False,True
True,True,True,False,True,False,True,True,True,True,False,True,True,True,True,True,False,True
True,True,True,False,True,False,True,True,False,False,False,True,True,True,False,True,True,False
True,True,False,False,True,False,True,True,True,False,False,True,True,True,True,True,True,False
False,True,False,False,True,False,True,True,False,True,False,True,True,False,True,True,True,False
False,False,False,False,False,False,False,False,False,False,False,False,False,False,False,False,True,False
True,False,True,False,True,False,False,False,False,False,True,False,False,False,False,False,True,False
False,False,False,False,True,False,False,False,False,False,False,False,False,False,False,False,False,True
True,True,True,True,True,True,False,True,True,False,True,False,False,True,False,True,False,True
True,False,False,True,True,True,True,False,True,False,False,False,False,False,False,True,False,True
True,True,True,True,True,True,True,False,False,False,False,False,False,False,False,False,False,True
True,True,True,True,True,True,False,True,True,False,False,True,False,False,False,True,False,True
False,False,False,False,True,False,False,False,False,False,False,False,False,False,False,False,False,True
True,True,True,True,True,True,True,True,True,False,False,True,True,True,False,True,False,True
False,False,False,False,True,False,False,False,False,False,False,False,False,False,False,False,False,True
False,False,False,True,True,True,True,False,False,False,True,False,False,False,False,False,False,True
False,False,False,False,True,False,False,False,False,False,False,False,False,True,False,False,False,True
False,False,False,False,True,False,False,False,False,False,False,False,False,False,False,False,False,True
False,False,False,False,False,False,False,False,False,False,False,False,False,False,False,False,False,True
False,False,False,False,False,False,False,False,False,False,False,False,False,False,False,False,False,True
True,True,True,True,True,True,False,True,True,False,False,True,False,True,True,True,False,True
True,False,True,True,True,True,False,False,True,False,False,True,False,True,False,True,False,True
True,True,True,True,True,True,True,True,True,True,False,True,True,True,False,True,True,False
True,True,False,True,True,False,True,False,False,True,False,True,False,True,True,False,False,True
False,False,False,False,False,False,False,False,False,False,False,False,False,False,False,False,True,False
True,True,False,True,True,False,True,True,False,False,False,False,False,False,False,True,True,False
False,True,False,False,True,False,False,False,False,True,False,True,False,True,True,False,True,False
False,False,False,False,False,False,False,False,False,False,False,False,False,False,False,False,True,False
False,False,False,False,False,False,False,False,False,False,False,False,False,False,False,False,False,True
False,True,False,False,True,False,True,False,False,False,False,False,False,False,False,False,False,True
False,False,False,False,False,False,False,False,False,False,False,False,False,False,False,False,False,True
False,False,False,False,False,False,False,False,False,False,False,False,False,False,False,False,False,True
True,True,True,True,True,False,True,True,True,True,False,True,True,True,False,True,True,False
True,True,True,False,True,False,True,True,True,True,False,True,True,True,True,True,True,False
True,True,False,False,True,False,True,True,False,False,False,True,True,True,True,True,True,False
True,True,True,False,True,False,True,True,True,False,False,True,True,True,False,True,True,False
False,True,False,False,False,False,True,False,False,True,False,False,True,False,False,True,True,False
True,False,False,False,True,False,True,True,True,False,False,False,True,False,True,False,True,False
True,False,True,False,True,False,False,False,False,False,True,False,False,False,False,False,False,True
False,False,True,False,True,False,False,False,False,False,False,False,False,False,False,False,False,True
False,False,False,False,False,False,False,False,False,False,False,False,False,False,False,False,False,True
False,False,False,False,True,False,False,False,False,False,False,False,False,True,False,False,False,True
True,False,False,True,True,True,True,False,False,True,True,False,True,False,False,False,False,True
True,False,True,True,True,True,False,False,True,False,False,True,False,False,False,True,False,True
True,True,True,True,True,True,True,False,True,False,True,True,True,True,True,True,False,True
True,True,True,True,True,False,True,False,True,False,False,True,True,True,False,True,False,True
True,True,True,True,True,True,False,False,False,False,False,True,False,True,False,True,False,True
True,True,True,True,True,False,False,True,True,False,False,True,True,True,False,True,False,True
True,False,False,True,True,True,True,False,True,False,False,False,False,False,False,False,False,True
True,True,True,True,True,False,True,True,True,False,False,True,True,True,False,True,False,True
True,True,True,True,True,True,True,True,True,False,False,True,True,True,False,True,True,False
True,True,True,True,True,False,True,True,True,True,False,True,True,True,True,True,True,False
True,True,True,False,True,False,False,False,False,False,False,False,False,False,False,True,True,False
False,True,False,False,True,False,False,False,False,False,False,False,False,False,True,False,True,False
False,False,False,False,True,False,True,False,False,False,False,False,False,False,True,False,True,False
True,True,True,True,True,False,True,True,True,False,False,True,True,True,True,True,True,False
False,False,False,False,False,False,False,False,False,False,False,False,False,False,False,False,False,True
False,True,False,False,True,False,True,False,False,False,False,True,True,True,False,False,False,True
True,True,True,False,True,False,True,True,True,True,False,True,True,True,False,True,True,False
True,True,True,False,True,False,True,True,True,False,False,True,True,False,False,True,True,False
True,True,True,False,True,False,True,True,True,True,False,True,True,True,False,True,True,False
False,False,False,False,False,False,False,False,False,False,False,False,False,False,False,False,True,False
True,False,True,False,True,False,False,False,False,False,False,False,False,False,False,False,False,True
False,False,False,False,True,False,False,False,False,False,True,False,False,False,False,False,False,True
False,True,False,True,True,True,False,False,False,False,True,True,False,False,False,False,False,True
True,True,True,True,True,True,True,False,True,False,True,True,True,False,False,True,False,True
False,False,False,False,True,True,False,False,False,False,True,False,False,False,False,False,False,True
True,True,True,True,True,True,True,True,True,False,False,False,True,True,False,True,False,True
False,False,False,True,True,True,False,False,False,False,False,False,False,False,False,False,False,True
False,False,False,True,True,False,False,False,False,False,False,False,False,False,True,False,False,True
False,False,False,False,True,True,True,False,False,False,False,True,False,False,False,False,False,True
True,True,True,True,True,True,False,False,True,False,False,True,False,False,False,True,False,True
False,False,False,False,True,False,False,False,False,False,False,False,False,False,False,False,False,True
True,True,True,True,True,False,False,True,True,True,False,False,True,True,True,True,False,True
True,True,True,True,True,False,True,True,True,False,False,True,True,True,True,True,False,True
True,True,True,False,True,False,True,False,True,True,False,False,True,True,False,True,False,True
False,False,False,False,False,False,False,False,False,False,False,False,False,False,False,False,False,True
True,True,True,False,True,False,True,False,False,False,False,True,True,True,True,False,True,False
False,False,True,True,True,True,True,True,False,False,True,False,False,True,False,True,True,False
True,True,True,True,True,False,True,False,False,False,False,False,False,False,False,True,True,False
False,True,False,False,True,False,True,False,False,True,False,True,False,True,True,False,True,False
False,False,False,False,True,True,False,True,True,False,True,False,False,False,False,True,True,False
True,False,True,True,True,True,True,False,True,False,True,True,False,False,True,True,True,False
True,True,True,False,True,False,True,True,True,True,False,True,True,True,True,True,True,False
True,True,True,False,True,False,True,True,True,False,False,True,True,True,True,True,False,True
True,True,True,False,True,True,True,True,True,False,False,True,True,True,False,True,True,False
True,False,True,False,True,False,False,False,False,False,True,False,False,False,False,False,True,False
False,False,False,False,True,False,False,False,False,False,False,False,False,False,False,False,True,False
False,False,False,False,False,False,False,False,False,False,False,False,False,False,False,False,True,False
True,False,True,True,True,True,True,False,True,False,False,False,False,False,False,True,True,False
True,False,True,True,True,True,False,False,True,False,False,False,False,False,False,True,True,False
True,True,True,True,True,True,True,False,True,False,False,True,False,True,False,True,False,True
False,False,False,False,True,False,False,False,False,False,False,False,False,False,False,False,False,True
True,False,False,True,True,True,True,True,True,False,True,True,True,True,True,True,False,True
False,False,False,False,True,False,False,False,False,False,False,False,False,False,False,False,False,True
False,False,False,False,True,False,False,False,False,False,False,False,False,False,False,False,False,True
True,True,True,True,True,True,True,True,True,True,True,True,False,True,False,True,False,True
False,False,False,False,True,False,True,False,False,False,False,False,False,False,False,False,False,True
True,True,True,False,True,False,True,True,True,True,True,True,True,True,True,True,False,True
True,True,True,True,True,False,True,True,True,False,True,True,True,True,True,True,False,True
False,False,False,False,True,False,True,False,False,False,True,True,False,False,True,False,False,True
False,False,False,False,True,False,False,False,False,False,False,False,False,False,False,False,False,True
True,True,True,True,True,True,True,True,False,False,False,False,True,True,True,True,False,True
True,True,True,True,True,False,True,True,True,False,False,True,True,True,True,True,True,False
False,False,False,False,True,False,False,False,False,False,False,True,False,False,True,False,True,False
True,True,True,True,True,False,True,True,True,False,True,True,True,True,True,True,True,False
False,True,False,False,False,False,False,False,False,False,False,False,False,True,False,False,False,True
False,False,False,False,False,False,True,False,False,False,False,False,False,False,False,False,True,False
True,True,True,False,True,False,True,True,True,False,False,True,True,True,False,True,True,False
True,True,True,False,True,True,True,True,True,True,False,True,True,False,False,True,True,False
True,True,True,False,True,False,True,True,True,False,False,True,True,True,True,True,True,False
True,True,True,True,True,False,True,False,True,True,False,False,True,True,True,True,False,True
False,False,False,False,True,False,False,False,False,False,False,False,False,False,False,False,True,False
True,False,True,False,True,False,False,False,False,False,False,False,False,False,False,False,True,False
True,False,True,True,True,True,False,False,True,False,False,True,False,False,False,True,True,False
True,False,True,True,True,True,True,True,True,False,True,True,False,True,False,True,True,False
True,True,False,True,True,True,True,False,True,False,True,True,False,False,False,False,True,False
True,True,True,True,True,True,True,True,True,True,True,True,False,True,False,True,True,False
False,False,False,False,True,False,False,False,False,False,True,False,False,False,False,False,False,True
True,True,True,True,True,True,False,False,False,False,False,True,False,False,False,True,False,True
True,True,True,True,True,True,False,False,True,False,True,False,False,False,False,True,False,True
False,False,False,False,False,False,False,False,False,False,False,False,False,False,False,False,False,True
True,True,False,True,True,False,False,True,True,False,False,True,True,True,False,True,False,True
True,True,False,False,True,False,True,True,True,False,False,True,True,True,True,True,False,True
True,True,True,True,True,True,True,True,True,True,True,True,True,True,True,True,False,True
True,True,True,True,True,False,False,True,True,False,False,True,True,True,True,True,False,True
True,True,False,True,True,False,True,True,True,False,False,True,True,True,False,True,False,True
False,False,False,False,False,False,False,False,False,False,False,False,False,False,False,False,False,True
True,False,False,True,True,True,False,True,True,False,False,True,False,True,False,True,False,True
True,True,True,True,True,True,True,True,True,True,False,False,True,True,True,True,True,False
False,False,False,False,False,False,False,False,False,False,False,False,False,False,False,False,True,False
True,True,False,False,True,False,True,False,False,True,False,False,True,True,False,False,True,False
True,True,True,False,True,False,True,True,True,True,False,True,True,True,True,True,True,False
True,True,False,False,True,False,True,False,False,False,False,True,True,True,False,False,False,True
True,True,True,False,True,False,True,True,True,True,False,True,True,True,False,True,False,True
True,True,False,False,True,False,True,False,True,False,False,False,True,True,False,True,True,False
True,False,True,False,True,True,False,False,False,False,False,False,False,False,False,False,False,True
False,False,False,False,True,False,False,False,False,False,False,False,False,False,False,False,True,False
False,False,False,False,False,False,False,False,False,False,False,False,False,False,False,False,True,False
False,False,False,False,True,False,False,False,False,False,False,False,False,False,False,False,True,False
True,True,True,True,True,True,True,False,True,False,True,True,True,True,False,True,True,False
True,True,True,True,True,True,True,True,True,False,True,False,True,True,False,True,True,False
True,True,True,True,True,True,True,True,True,False,False,True,True,True,False,True,True,False
True,False,True,True,True,True,True,False,True,False,True,True,False,False,False,True,False,True
True,True,True,True,True,True,False,True,True,False,False,True,False,False,False,True,False,True
False,False,False,False,True,False,False,False,False,False,False,False,False,False,False,False,False,True
False,False,False,False,False,False,False,False,False,False,False,False,False,False,False,False,False,True
False,False,False,False,True,False,False,False,False,False,False,False,False,True,False,False,False,True
True,False,True,False,True,False,False,False,True,False,False,False,False,True,False,True,False,True
True,True,True,True,True,False,True,True,True,False,False,True,True,True,True,True,False,True
True,True,True,True,True,True,True,True,True,False,False,True,True,True,False,True,False,True
True,False,False,True,True,False,True,True,True,False,True,False,False,False,True,True,False,True
True,True,True,True,True,True,True,False,True,False,False,True,True,True,False,True,False,True
False,False,False,False,True,False,False,False,False,False,False,False,False,False,False,False,False,True
True,True,True,True,True,False,False,True,True,False,False,True,True,True,True,True,False,True
False,False,False,False,False,False,False,False,False,False,False,False,False,False,False,False,False,True
False,False,False,False,True,False,False,False,False,False,False,False,False,True,True,False,False,True
True,True,True,False,True,False,True,True,True,False,False,True,True,True,True,True,True,False
False,False,False,False,False,False,False,False,False,False,False,False,False,False,False,False,True,False
False,False,False,False,False,False,False,False,False,False,False,False,False,False,False,False,False,True
True,True,True,False,True,True,True,True,True,False,False,True,True,True,False,True,True,False
True,True,False,False,True,False,True,False,True,True,False,True,True,True,True,False,False,True
True,True,True,False,True,False,True,True,True,True,False,True,True,True,False,True,True,False
True,True,True,False,True,False,True,True,True,True,False,True,True,True,False,True,True,False
